SIDE,HORIZON_W,STRENGTH_DIRECTION,REVERSAL_DECILE,N,TICKERS,REVERSAL_1W_MEAN,REVERSAL_2W_MEAN,REVERSAL_3W_MEAN,MFE_PCT_MEAN,MFE_PCT_MEDIAN,MAE_PCT_MEAN,MAE_PCT_MEDIAN,SPEED_PCT_PER_WEEK_MEAN,SPEED_PCT_PER_WEEK_MEDIAN,FINAL_DIRECTIONAL_RETURN_PCT_MEAN,FINAL_DIRECTIONAL_RETURN_PCT_MEDIAN,FAVORABLE_WEEKS_MEAN,FAVORABLE_WEEKS_MEDIAN,ADVERSE_WEEKS_MEAN,ADVERSE_WEEKS_MEDIAN,PATH_EFFICIENCY_MEAN,PATH_EFFICIENCY_MEDIAN,HAS_FAVORABLE_MOVE_MEAN,HAS_FAVORABLE_MOVE_MEDIAN
BUY,5,BEAR,1,1883,195,0.015932514678463853,0.009113937831155883,0.06183740908725809,8.434580126944558,6.212487433013791,4.723024947789794,2.2386412016338286,2.5182187655237374,1.9752371880752493,3.3020214334065034,2.7039058984208,2.8093467870419544,3.0,2.1768454593733404,2.0,0.45194200593882355,0.4113929016894519,0.8364312267657993,1.0
BUY,5,BEAR,2,1882,198,0.01763788143841293,0.024651945442984942,0.08694483749338065,7.656580891427207,5.127567827964485,5.027468803832163,2.9597497453602184,2.383654833347316,1.6923026141042408,2.607748585909774,1.4971365155560967,2.7236981934112645,3.0,2.2662061636556854,2.0,0.4485860525866595,0.3982070329765992,0.8193411264612115,1.0
BUY,5,BEAR,3,1882,198,0.019251717097222745,0.03940007174820958,0.11260449712784115,7.520513590707798,5.321569988843333,4.8194783350697294,2.775181841148833,2.2894321257859693,1.7029622120025012,2.7740713797874332,2.0495876130873665,2.7008501594048884,3.0,2.2869287991498406,2.0,0.46536267796878034,0.43679526442739525,0.8092454835281615,1.0
BUY,5,BEAR,4,1883,198,0.022042450659044647,0.06352553059811925,0.14445639808441926,7.421930079833526,4.839308740325365,4.796019583182911,2.7216008697225624,2.2646156063482423,1.6336629269415592,2.654803238584051,1.7029357651156871,2.7137546468401488,3.0,2.274030801911843,2.0,0.46136687125603837,0.4178127482518059,0.8109399893786511,1.0
BUY,5,BEAR,5,1882,198,0.026209744235444494,0.09875731070232331,0.1861754395184761,7.451383562944892,4.851696658807003,5.052685964498869,3.0685478131421915,2.316788509599854,1.6841079844984628,2.152090784270483,1.2331695817980326,2.6811902231668436,3.0,2.310308182784272,2.0,0.47692093462117413,0.43849776165965326,0.7927736450584485,1.0
BUY,5,BEAR,6,1882,198,0.03417207879790859,0.14572226508160668,0.24603022490109502,7.29718007159694,5.187356107807073,4.940006257715023,2.8370306624870945,2.2386891652695065,1.6465765461791904,2.2677401270216864,1.8791363366473801,2.7433581296493093,3.0,2.24548352816153,2.0,0.4785520946489728,0.45396135789476333,0.8055260361317748,1.0
BUY,5,BEAR,7,1883,198,0.05119533627866906,0.21416310207538494,0.3337562092086935,6.809547425924688,4.42976069402603,4.966798883212536,3.0174107355319117,2.2036351065616193,1.491173694295278,1.6572842582122564,0.9572917410704872,2.6441848114710567,3.0,2.3441317047265002,2.0,0.4547489185065076,0.4110038714902249,0.7838555496548062,1.0
BUY,5,BEAR,8,1882,197,0.09351198126432936,0.3144377653519413,0.4513069484469282,6.7802813381099325,4.494193095047471,5.049994357288148,3.1411749556188138,2.1414446718996216,1.5295607831123714,1.811455593697969,1.023054368106291,2.6758767268862913,3.0,2.312964930924548,2.0,0.4582451670480296,0.42960957912133235,0.7842720510095643,1.0
BUY,5,BEAR,9,1882,197,0.2184356282586078,0.47998272980108164,0.5959283901599894,6.5092902225302165,4.396006922116291,4.9892266751805385,2.9993272743509825,2.04369393025647,1.4686605102778767,1.5635800403555575,1.1770167793150432,2.7130712008501594,3.0,2.2784272051009564,2.0,0.464957895579631,0.43886038418379614,0.7954303931987248,1.0
BUY,5,BEAR,10,1883,197,0.6000790999852732,0.7110699613069125,0.7650817230146175,6.103064727072613,4.146171268921695,4.570069532437064,2.770023466659488,1.984176492068183,1.4614817146351156,1.487234605912822,1.1436165676310228,2.6935740839086564,3.0,2.2989909718534256,2.0,0.4705339962681221,0.444140989814144,0.7944768985661179,1.0
BUY,5,BULL,1,2257,191,0.004772985730129525,0.034931161198356084,0.05298463514231862,6.976112227145029,4.410993192104296,4.405573332367342,2.656582168337529,2.036878408658771,1.4482427447544357,2.5021148188007554,1.5611607253742,2.7346034559149315,3.0,2.2565352237483385,2.0,0.47304487327832906,0.4476535812382894,0.8094816127603013,1.0
BUY,5,BULL,2,2257,197,0.009373174181848364,0.04368852491273954,0.07252520868886228,5.857835387950663,3.646892238911392,5.092947170976072,3.248619670447761,1.898130477819917,1.2918827766748575,0.6689289487453953,0.4185179421783092,2.596366858661941,3.0,2.3952148870181658,2.0,0.4707535834480449,0.4401546380516361,0.7886575099689854,1.0
BUY,5,BULL,3,2256,197,0.012113502084494007,0.05039857534927083,0.08973744835706218,5.7038190740022445,3.9462871814051725,5.087734647357968,3.0659808072632186,1.887869339533449,1.3107551954900498,0.36536447015160217,0.35609379301877464,2.589982269503546,3.0,2.398936170212766,2.0,0.47188769883506304,0.45596912196502865,0.7672872340425532,1.0
BUY,5,BULL,4,2257,197,0.015069723754475215,0.059761517000931304,0.10989932982508051,5.714653790919753,3.645723191076411,4.859228300748107,3.0039238624256948,1.8504742457878438,1.278503988390769,0.7382729310618416,0.646682003947241,2.601240584847142,3.0,2.39211342490031,2.0,0.4642891880027418,0.4318582890746929,0.7846699158174568,1.0
BUY,5,BULL,5,2256,198,0.018432253830295023,0.0729922563112729,0.1354753531432899,5.875376132827779,3.6932721051636253,4.67788673417171,2.962663582039826,1.8868018222237162,1.265154928043457,1.1011717658943223,0.8052450727177196,2.6210106382978724,3.0,2.3736702127659575,2.0,0.471034385163878,0.443978535094887,0.7792553191489362,1.0
BUY,5,BULL,6,2257,197,0.025251389449694125,0.09447631990566042,0.17309753328420602,5.643330889293952,3.7229944048899455,4.907277622677133,2.894234011008312,1.763022409396225,1.2521004616360676,0.8809536773754757,0.7988074071405338,2.61674789543642,3.0,2.375719982277359,2.0,0.46771213315813537,0.438718856823473,0.768276473194506,1.0
BUY,5,BULL,7,2256,198,0.037945158624097725,0.12779646339294423,0.22911431955490122,5.654789043089617,3.84481222175177,4.697612396693625,2.8912915623172664,1.7927555162796798,1.293758200216149,1.079671770410647,0.8242401814284039,2.6440602836879434,3.0,2.3430851063829787,2.0,0.45659939169344765,0.42603157717390205,0.7774822695035462,1.0
BUY,5,BULL,8,2257,196,0.07555208098086857,0.19772924659344485,0.32109411063201615,5.65057791329716,3.824676000995964,4.777540642018552,2.9610617212868284,1.8604307675030565,1.3927121310455923,0.892944469350598,0.3828673382379133,2.5928223305272486,3.0,2.399645547186531,2.0,0.44662226144043055,0.4090404387031915,0.7855560478511299,1.0
BUY,5,BULL,9,2256,197,0.18304741164379457,0.3367887016503795,0.45162462416944127,5.806580872174094,3.7933001551540118,4.79457348963598,3.21446289678593,1.8603858968109397,1.310822405749077,1.244803745853728,0.7013050584920855,2.6484929078014185,3.0,2.341755319148936,2.0,0.45168459777279385,0.42315342991712934,0.7898936170212766,1.0
BUY,5,BULL,10,2257,197,0.4337697398501983,0.5941219161402334,0.6424076734078705,5.833332653009041,4.223704031466236,4.620149399143073,2.754753060380588,1.8383784779473822,1.3890919849076555,1.3584490917290089,1.217711098250307,2.7027027027027026,3.0,2.2884359769605673,2.0,0.45898824211465533,0.4255318429398629,0.8001772264067346,1.0
BUY,8,BEAR,1,1883,195,0.015932514678463853,0.009113937831155883,0.06183740908725809,11.388790473727653,8.744316147804243,6.17411708473896,3.4561174933709027,2.336866320609352,1.8760910472940928,4.996013627167313,3.8474604931002734,4.444503451938396,4.0,3.5326606479022837,4.0,0.36750695198950145,0.3219743779756612,0.8704195432819968,1.0
BUY,8,BEAR,2,1882,198,0.01763788143841293,0.024651945442984942,0.08694483749338065,10.886223804567193,7.5772663945658625,6.457887304496853,4.190484646256764,2.300435638090084,1.6449430589405623,4.4847236466018465,3.3184708872436963,4.361317747077577,4.0,3.618490967056323,4.0,0.36576839817425794,0.3231377885887206,0.8777895855472901,1.0
BUY,8,BEAR,3,1882,198,0.019251717097222745,0.03940007174820958,0.11260449712784115,10.728498181641623,7.876816144245346,6.260495697481535,4.173853021767865,2.1978984645788775,1.6559465838128244,4.483266326109198,3.0606721352380295,4.345908607863975,4.0,3.636556854410202,4.0,0.36724295123589196,0.3326256218110475,0.8676939426142402,1.0
BUY,8,BEAR,4,1883,198,0.022042450659044647,0.06352553059811925,0.14445639808441926,10.516250432373193,7.312106862730694,6.1850151811538625,3.952915258928336,2.1136135477245217,1.5474369374407344,4.476717991019685,3.2651488719763755,4.354753053637812,4.0,3.6250663834306955,4.0,0.3684078551652711,0.3293471958585773,0.8603292618162507,1.0
BUY,8,BEAR,5,1882,198,0.026209744235444494,0.09875731070232331,0.1861754395184761,10.332533108279517,6.974570351578535,6.608551363365419,4.340653727190052,2.2275087986500424,1.6136747491761825,3.280557310590781,2.0924673035531915,4.321997874601488,4.0,3.6641870350690753,4.0,0.36923183182403496,0.32517080995187514,0.844845908607864,1.0
BUY,8,BEAR,6,1882,198,0.03417207879790859,0.14572226508160668,0.24603022490109502,10.086691101822659,7.381031029903296,6.428521646554856,4.086515593172441,2.1531342078423417,1.5869847072340266,3.5637696042766214,2.582534408865456,4.371413390010627,4.0,3.6121147715196598,4.0,0.3711699187196167,0.33515343560260047,0.8629117959617428,1.0
BUY,8,BEAR,7,1883,198,0.05119533627866906,0.21416310207538494,0.3337562092086935,9.350024789957775,6.457519531249978,6.543167472857819,4.27636787532657,2.0454260998230085,1.432991227915964,2.586805507708372,1.7634875296446362,4.274561869357409,4.0,3.7089750398300585,4.0,0.36004344740275734,0.318840704903719,0.8459904407859798,1.0
BUY,8,BEAR,8,1882,197,0.09351198126432936,0.3144377653519413,0.4513069484469282,9.47491869439348,6.429147705295701,6.5952275924505495,4.4538049656086205,2.0187617406237157,1.495940133579975,2.6703582380828643,1.749519800578514,4.275239107332625,4.0,3.7045696068012752,4.0,0.36902812469055124,0.33709989299490845,0.8432518597236982,1.0
BUY,8,BEAR,9,1882,197,0.2184356282586078,0.47998272980108164,0.5959283901599894,8.8111662640032,6.183811045112908,6.570455507495306,4.39719562352755,1.936193312174156,1.4434177088963165,1.9588827410680416,1.4347789921438814,4.292773645058449,4.0,3.6907545164718383,4.0,0.36018199292971365,0.3269076717694718,0.8421891604675876,1.0
BUY,8,BEAR,10,1883,197,0.6000790999852732,0.7110699613069125,0.7650817230146175,8.21115571292286,5.908492843581281,6.037188830856397,3.986182709929198,1.8319191100524284,1.3820642682760038,1.882858772903715,1.6098528429934866,4.24907063197026,4.0,3.7387148167817315,4.0,0.36740614044132774,0.331664479383262,0.8374933616569304,1.0
BUY,8,BULL,1,2257,191,0.004772985730129525,0.034931161198356084,0.05298463514231862,10.076292078265496,6.978264407835155,5.842994288312113,3.8234673659129137,1.916467117648753,1.3914409742378804,4.1491886121558474,2.934121524586386,4.42002658396101,4.0,3.566238369517058,4.0,0.3769081071316452,0.3431916885204784,0.8591050066459902,1.0
BUY,8,BULL,2,2257,197,0.009373174181848364,0.04368852491273954,0.07252520868886228,8.411593212281998,5.54007126198941,6.799208751154127,4.515849055435828,1.7956372891372145,1.297270843614573,1.613674901709945,1.0111905332552906,4.19672131147541,4.0,3.787328311918476,4.0,0.3752290949839134,0.3554533075003509,0.8303057155516171,1.0
BUY,8,BULL,3,2256,197,0.012113502084494007,0.05039857534927083,0.08973744835706218,7.997493822250114,5.561076347058968,6.694811332203448,4.595522078999798,1.7697766722121955,1.2590784489733913,1.3309514599803418,0.8303106583743558,4.200797872340425,4.0,3.7828014184397163,4.0,0.36090200790559074,0.33554026924414326,0.8204787234042553,1.0
BUY,8,BULL,4,2257,197,0.015069723754475215,0.059761517000931304,0.10989932982508051,8.015928554175073,5.427625667426339,6.509716831729053,4.408914119777075,1.7976579916565183,1.2284384106651365,1.3850147925262077,1.178783489764168,4.182543198936641,4.0,3.8077093486929554,4.0,0.3616551893765244,0.3255973971529079,0.8382809038546744,1.0
BUY,8,BULL,5,2256,198,0.018432253830295023,0.0729922563112729,0.1354753531432899,8.216277568902845,5.464324622372773,6.251280082405394,4.266456975250099,1.790088086301848,1.2928720365633724,1.7881644126419134,0.970653445437275,4.200354609929078,4.0,3.7907801418439715,4.0,0.3633569570186075,0.33220377403949153,0.8311170212765957,1.0
BUY,8,BULL,6,2257,197,0.025251389449694125,0.09447631990566042,0.17309753328420602,7.96622396620723,5.66768045487922,6.329589536044093,4.011000204157567,1.7052835959425687,1.27131500254029,1.7760875573518442,1.6414180578913309,4.2272928666371286,4.0,3.761187416925122,4.0,0.3640447516255274,0.3327973132761249,0.8303057155516171,1.0
BUY,8,BULL,7,2256,198,0.037945158624097725,0.12779646339294423,0.22911431955490122,8.138882604827995,5.737873283489492,6.079020439603128,4.037753565122726,1.7120078773720144,1.2777167112565282,2.1829246582595085,1.6333543621094404,4.254875886524823,4.0,3.726063829787234,4.0,0.36203646480616086,0.32405234202469896,0.838209219858156,1.0
BUY,8,BULL,8,2257,196,0.07555208098086857,0.19772924659344485,0.32109411063201615,8.03204759433174,5.579251695400189,6.221174048802414,4.444633925816078,1.7795905248208284,1.3430607457465298,1.9912957596453893,1.0110647140092466,4.186973859105007,4.0,3.8010633584404077,4.0,0.35485674657325017,0.311368358025625,0.8435976960567124,1.0
BUY,8,BULL,9,2256,197,0.18304741164379457,0.3367887016503795,0.45162462416944127,8.420461593826667,5.801098996024234,6.190096410437267,4.485915795187346,1.7676709165350006,1.3028680372264014,2.6019633976581,1.7288305876794419,4.267287234042553,4.0,3.717641843971631,4.0,0.35672449462415,0.3249258640245736,0.851063829787234,1.0
BUY,8,BULL,10,2257,197,0.4337697398501983,0.5941219161402334,0.6424076734078705,8.259145280253808,6.136139702036703,5.967568074461391,3.961965070834872,1.7696570343390798,1.3755142509903426,2.2216835207920536,1.237416401123137,4.322552060256978,4.0,3.665485157288436,4.0,0.3584615773874952,0.3116371318197107,0.8511298183429331,1.0
SELL,5,BEAR,1,1883,195,0.015932514678463853,0.009113937831155883,0.06183740908725809,4.723024947789794,2.2386412016338286,8.434580126944558,6.212487433013791,1.8358047144242602,0.8356105762313937,-3.3020214334065034,-2.7039058984208,2.1768454593733404,2.0,2.8093467870419544,3.0,0.45194200593882355,0.4113929016894519,0.6569304301646309,1.0
SELL,5,BEAR,2,1882,198,0.01763788143841293,0.024651945442984942,0.08694483749338065,5.027468803832163,2.9597497453602184,7.656580891427207,5.127567827964485,1.8772075818556395,1.1400186461379715,-2.607748585909774,-1.4971365155560967,2.2662061636556854,2.0,2.7236981934112645,3.0,0.4485860525866595,0.3982070329765992,0.7045696068012752,1.0
SELL,5,BEAR,3,1882,198,0.019251717097222745,0.03940007174820958,0.11260449712784115,4.8194783350697294,2.775181841148833,7.520513590707798,5.321569988843333,1.7922652119597111,1.0381960015562997,-2.7740713797874332,-2.0495876130873665,2.2869287991498406,2.0,2.7008501594048884,3.0,0.46536267796878034,0.43679526442739525,0.6944739638682252,1.0
SELL,5,BEAR,4,1883,198,0.022042450659044647,0.06352553059811925,0.14445639808441926,4.796019583182911,2.7216008697225624,7.421930079833526,4.839308740325365,1.8217377907733714,1.0596402891122625,-2.654803238584051,-1.7029357651156871,2.274030801911843,2.0,2.7137546468401488,3.0,0.46136687125603837,0.4178127482518059,0.6988847583643123,1.0
SELL,5,BEAR,5,1882,198,0.026209744235444494,0.09875731070232331,0.1861754395184761,5.052685964498869,3.0685478131421915,7.451383562944892,4.851696658807003,1.8115219230380013,1.1337181396448626,-2.152090784270483,-1.2331695817980326,2.310308182784272,2.0,2.6811902231668436,3.0,0.47692093462117413,0.43849776165965326,0.7125398512221042,1.0
SELL,5,BEAR,6,1882,198,0.03417207879790859,0.14572226508160668,0.24603022490109502,4.940006257715023,2.8370306624870945,7.29718007159694,5.187356107807073,1.8277212067283843,1.0873229899468861,-2.2677401270216864,-1.8791363366473801,2.24548352816153,2.0,2.7433581296493093,3.0,0.4785520946489728,0.45396135789476333,0.6928799149840595,1.0
SELL,5,BEAR,7,1883,198,0.05119533627866906,0.21416310207538494,0.3337562092086935,4.966798883212536,3.0174107355319117,6.809547425924688,4.42976069402603,1.774712429446526,1.1054022101183003,-1.6572842582122564,-0.9572917410704872,2.3441317047265002,2.0,2.6441848114710567,3.0,0.4547489185065076,0.4110038714902249,0.7254381306425917,1.0
SELL,5,BEAR,8,1882,197,0.09351198126432936,0.3144377653519413,0.4513069484469282,5.049994357288148,3.1411749556188138,6.7802813381099325,4.494193095047471,1.8487548052389113,1.1086785580093506,-1.811455593697969,-1.023054368106291,2.312964930924548,2.0,2.6758767268862913,3.0,0.4582451670480296,0.42960957912133235,0.7247608926673751,1.0
SELL,5,BEAR,9,1882,197,0.2184356282586078,0.47998272980108164,0.5959283901599894,4.9892266751805385,2.9993272743509825,6.5092902225302165,4.396006922116291,1.7741187875491675,1.1448208959275374,-1.5635800403555575,-1.1770167793150432,2.2784272051009564,2.0,2.7130712008501594,3.0,0.464957895579631,0.43886038418379614,0.7093517534537725,1.0
SELL,5,BEAR,10,1883,197,0.6000790999852732,0.7110699613069125,0.7650817230146175,4.570069532437064,2.770023466659488,6.103064727072613,4.146171268921695,1.6579129722358696,1.036782000603098,-1.487234605912822,-1.1436165676310228,2.2989909718534256,2.0,2.6935740839086564,3.0,0.4705339962681221,0.444140989814144,0.6914498141263941,1.0
SELL,5,BULL,1,2257,191,0.004772985730129525,0.034931161198356084,0.05298463514231862,4.405573332367342,2.656582168337529,6.976112227145029,4.410993192104296,1.5385411913762153,0.9825542409913024,-2.5021148188007554,-1.5611607253742,2.2565352237483385,2.0,2.7346034559149315,3.0,0.47304487327832906,0.4476535812382894,0.7044749667700487,1.0
SELL,5,BULL,2,2257,197,0.009373174181848364,0.04368852491273954,0.07252520868886228,5.092947170976072,3.248619670447761,5.857835387950663,3.646892238911392,1.6850421770051693,1.2043705688651234,-0.6689289487453953,-0.4185179421783092,2.3952148870181658,2.0,2.596366858661941,3.0,0.4707535834480449,0.4401546380516361,0.7359326539654408,1.0
SELL,5,BULL,3,2256,197,0.012113502084494007,0.05039857534927083,0.08973744835706218,5.087734647357968,3.0659808072632186,5.7038190740022445,3.9462871814051725,1.6837695791993295,1.1037579507917783,-0.36536447015160217,-0.35609379301877464,2.398936170212766,2.0,2.589982269503546,3.0,0.47188769883506304,0.45596912196502865,0.7282801418439716,1.0
SELL,5,BULL,4,2257,197,0.015069723754475215,0.059761517000931304,0.10989932982508051,4.859228300748107,3.0039238624256948,5.714653790919753,3.645723191076411,1.6291968835802813,1.0168321755593968,-0.7382729310618416,-0.646682003947241,2.39211342490031,2.0,2.601240584847142,3.0,0.4642891880027418,0.4318582890746929,0.7235268054940186,1.0
SELL,5,BULL,5,2256,198,0.018432253830295023,0.0729922563112729,0.1354753531432899,4.67788673417171,2.962663582039826,5.875376132827779,3.6932721051636253,1.6485118078898133,1.0360395257881474,-1.1011717658943223,-0.8052450727177196,2.3736702127659575,2.0,2.6210106382978724,3.0,0.471034385163878,0.443978535094887,0.7163120567375887,1.0
SELL,5,BULL,6,2257,197,0.025251389449694125,0.09447631990566042,0.17309753328420602,4.907277622677133,2.894234011008312,5.643330889293952,3.7229944048899455,1.684942800223074,1.0639375409802754,-0.8809536773754757,-0.7988074071405338,2.375719982277359,2.0,2.61674789543642,3.0,0.46771213315813537,0.438718856823473,0.7315019937970758,1.0
SELL,5,BULL,7,2256,198,0.037945158624097725,0.12779646339294423,0.22911431955490122,4.697612396693625,2.8912915623172664,5.654789043089617,3.84481222175177,1.6245329215864313,1.0773917966161557,-1.079671770410647,-0.8242401814284039,2.3430851063829787,2.0,2.6440602836879434,3.0,0.45659939169344765,0.42603157717390205,0.7322695035460993,1.0
SELL,5,BULL,8,2257,196,0.07555208098086857,0.19772924659344485,0.32109411063201615,4.777540642018552,2.9610617212868284,5.65057791329716,3.824676000995964,1.6623507522493923,1.0748597896298897,-0.892944469350598,-0.3828673382379133,2.399645547186531,2.0,2.5928223305272486,3.0,0.44662226144043055,0.4090404387031915,0.7394771821001329,1.0
SELL,5,BULL,9,2256,197,0.18304741164379457,0.3367887016503795,0.45162462416944127,4.79457348963598,3.21446289678593,5.806580872174094,3.7933001551540118,1.7465602890043206,1.1893476706531367,-1.244803745853728,-0.7013050584920855,2.341755319148936,2.0,2.6484929078014185,3.0,0.45168459777279385,0.42315342991712934,0.7442375886524822,1.0
SELL,5,BULL,10,2257,197,0.4337697398501983,0.5941219161402334,0.6424076734078705,4.620149399143073,2.754753060380588,5.833332653009041,4.223704031466236,1.6913854455083333,1.0210488227227876,-1.3584490917290089,-1.217711098250307,2.2884359769605673,2.0,2.7027027027027026,3.0,0.45898824211465533,0.4255318429398629,0.7199822773593265,1.0
SELL,8,BEAR,1,1883,195,0.015932514678463853,0.009113937831155883,0.06183740908725809,6.17411708473896,3.4561174933709027,11.388790473727653,8.744316147804243,1.7232763856851447,0.9778796817051127,-4.996013627167313,-3.8474604931002734,3.5326606479022837,4.0,4.444503451938396,4.0,0.36750695198950145,0.3219743779756612,0.7148167817312798,1.0
SELL,8,BEAR,2,1882,198,0.01763788143841293,0.024651945442984942,0.08694483749338065,6.457887304496853,4.190484646256764,10.886223804567193,7.5772663945658625,1.7611297239762154,1.085720557109738,-4.4847236466018465,-3.3184708872436963,3.618490967056323,4.0,4.361317747077577,4.0,0.36576839817425794,0.3231377885887206,0.7513283740701382,1.0
SELL,8,BEAR,3,1882,198,0.019251717097222745,0.03940007174820958,0.11260449712784115,6.260495697481535,4.173853021767865,10.728498181641623,7.876816144245346,1.7473557971213314,1.0818277153502878,-4.483266326109198,-3.0606721352380295,3.636556854410202,4.0,4.345908607863975,4.0,0.36724295123589196,0.3326256218110475,0.7502656748140276,1.0
SELL,8,BEAR,4,1883,198,0.022042450659044647,0.06352553059811925,0.14445639808441926,6.1850151811538625,3.952915258928336,10.516250432373193,7.312106862730694,1.7349430870503721,1.0652291328787709,-4.476717991019685,-3.2651488719763755,3.6250663834306955,4.0,4.354753053637812,4.0,0.3684078551652711,0.3293471958585773,0.7440254912373871,1.0
SELL,8,BEAR,5,1882,198,0.026209744235444494,0.09875731070232331,0.1861754395184761,6.608551363365419,4.340653727190052,10.332533108279517,6.974570351578535,1.7292399911509173,1.1698490601417162,-3.280557310590781,-2.0924673035531915,3.6641870350690753,4.0,4.321997874601488,4.0,0.36923183182403496,0.32517080995187514,0.7640807651434643,1.0
SELL,8,BEAR,6,1882,198,0.03417207879790859,0.14572226508160668,0.24603022490109502,6.428521646554856,4.086515593172441,10.086691101822659,7.381031029903296,1.7356902528065994,1.0868294315665994,-3.5637696042766214,-2.582534408865456,3.6121147715196598,4.0,4.371413390010627,4.0,0.3711699187196167,0.33515343560260047,0.7492029755579172,1.0
SELL,8,BEAR,7,1883,198,0.05119533627866906,0.21416310207538494,0.3337562092086935,6.543167472857819,4.27636787532657,9.350024789957775,6.457519531249978,1.673548392595498,1.155014582424343,-2.586805507708372,-1.7634875296446362,3.7089750398300585,4.0,4.274561869357409,4.0,0.36004344740275734,0.318840704903719,0.7721720658523632,1.0
SELL,8,BEAR,8,1882,197,0.09351198126432936,0.3144377653519413,0.4513069484469282,6.5952275924505495,4.4538049656086205,9.47491869439348,6.429147705295701,1.750749993199664,1.163337481053507,-2.6703582380828643,-1.749519800578514,3.7045696068012752,4.0,4.275239107332625,4.0,0.36902812469055124,0.33709989299490845,0.7704569606801275,1.0
SELL,8,BEAR,9,1882,197,0.2184356282586078,0.47998272980108164,0.5959283901599894,6.570455507495306,4.39719562352755,8.8111662640032,6.183811045112908,1.6897097712837823,1.1652299968998554,-1.9588827410680416,-1.4347789921438814,3.6907545164718383,4.0,4.292773645058449,4.0,0.36018199292971365,0.3269076717694718,0.7656748140276302,1.0
SELL,8,BEAR,10,1883,197,0.6000790999852732,0.7110699613069125,0.7650817230146175,6.037188830856397,3.986182709929198,8.21115571292286,5.908492843581281,1.5414990046218142,1.061497622638589,-1.882858772903715,-1.6098528429934866,3.7387148167817315,4.0,4.24907063197026,4.0,0.36740614044132774,0.331664479383262,0.7461497610196495,1.0
SELL,8,BULL,1,2257,191,0.004772985730129525,0.034931161198356084,0.05298463514231862,5.842994288312113,3.8234673659129137,10.076292078265496,6.978264407835155,1.4991209590894925,1.063787188005355,-4.1491886121558474,-2.934121524586386,3.566238369517058,4.0,4.42002658396101,4.0,0.3769081071316452,0.3431916885204784,0.7585290208241028,1.0
SELL,8,BULL,2,2257,197,0.009373174181848364,0.04368852491273954,0.07252520868886228,6.799208751154127,4.515849055435828,8.411593212281998,5.54007126198941,1.6061463979162887,1.193411593760174,-1.613674901709945,-1.0111905332552906,3.787328311918476,4.0,4.19672131147541,4.0,0.3752290949839134,0.3554533075003509,0.7864421798848028,1.0
SELL,8,BULL,3,2256,197,0.012113502084494007,0.05039857534927083,0.08973744835706218,6.694811332203448,4.595522078999798,7.997493822250114,5.561076347058968,1.5923142978983014,1.1071132425832408,-1.3309514599803418,-0.8303106583743558,3.7828014184397163,4.0,4.200797872340425,4.0,0.36090200790559074,0.33554026924414326,0.7805851063829787,1.0
SELL,8,BULL,4,2257,197,0.015069723754475215,0.059761517000931304,0.10989932982508051,6.509716831729053,4.408914119777075,8.015928554175073,5.427625667426339,1.5500937901738465,1.0505500309073543,-1.3850147925262077,-1.178783489764168,3.8077093486929554,4.0,4.182543198936641,4.0,0.3616551893765244,0.3255973971529079,0.7780239255649092,1.0
SELL,8,BULL,5,2256,198,0.018432253830295023,0.0729922563112729,0.1354753531432899,6.251280082405394,4.266456975250099,8.216277568902845,5.464324622372773,1.5585076964245814,1.0701735614853196,-1.7881644126419134,-0.970653445437275,3.7907801418439715,4.0,4.200354609929078,4.0,0.3633569570186075,0.33220377403949153,0.773936170212766,1.0
SELL,8,BULL,6,2257,197,0.025251389449694125,0.09447631990566042,0.17309753328420602,6.329589536044093,4.011000204157567,7.96622396620723,5.66768045487922,1.5835610618542448,1.0686958349832083,-1.7760875573518442,-1.6414180578913309,3.761187416925122,4.0,4.2272928666371286,4.0,0.3640447516255274,0.3327973132761249,0.7753655294638901,1.0
SELL,8,BULL,7,2256,198,0.037945158624097725,0.12779646339294423,0.22911431955490122,6.079020439603128,4.037753565122726,8.138882604827995,5.737873283489492,1.5411389613632593,1.0867099504174096,-2.1829246582595085,-1.6333543621094404,3.726063829787234,4.0,4.254875886524823,4.0,0.36203646480616086,0.32405234202469896,0.7770390070921985,1.0
SELL,8,BULL,8,2257,196,0.07555208098086857,0.19772924659344485,0.32109411063201615,6.221174048802414,4.444633925816078,8.03204759433174,5.579251695400189,1.573885534669807,1.0801466345517057,-1.9912957596453893,-1.0110647140092466,3.8010633584404077,4.0,4.186973859105007,4.0,0.35485674657325017,0.311368358025625,0.7930881701373504,1.0
SELL,8,BULL,9,2256,197,0.18304741164379457,0.3367887016503795,0.45162462416944127,6.190096410437267,4.485915795187346,8.420461593826667,5.801098996024234,1.6705937825547157,1.144761327145973,-2.6019633976581,-1.7288305876794419,3.717641843971631,4.0,4.267287234042553,4.0,0.35672449462415,0.3249258640245736,0.7894503546099291,1.0
SELL,8,BULL,10,2257,197,0.4337697398501983,0.5941219161402334,0.6424076734078705,5.967568074461391,3.961965070834872,8.259145280253808,6.136139702036703,1.5769064056497044,1.058471437777494,-2.2216835207920536,-1.237416401123137,3.665485157288436,4.0,4.322552060256978,4.0,0.3584615773874952,0.3116371318197107,0.7727071333628711,1.0
