SIDE,HORIZON_W,TARGET_METRIC,TARGET_VARIANT,FEATURE_SET,MODEL,FOLD,TRAIN_N,TEST_N,N_FEATURES,TRAIN_END,TEST_START,TEST_END,SPEARMAN,PEARSON,R2,MAE,RMSE,BASELINE_MAE,MAE_IMPROVEMENT_PCT
BUY,5,SPEED,CONDITIONAL,TECH_PHASE,RF_V40_21,1,6523,5708,423,2023-02-24,2023-04-07,2023-12-29,0.2611597573088935,0.32051861136591553,0.10164177417755127,1.3659298419952393,2.1070877672988235,1.3963060015738686,2.1754658036555314
BUY,5,SPEED,CONDITIONAL,TECH_PHASE,RF_V40_21,2,12194,7841,423,2023-11-24,2024-01-05,2024-12-27,0.2246802583403271,0.2851726885684624,0.07596498727798462,1.3885383605957031,2.102273813570759,1.3712375434105135,-1.2616936626574107
BUY,5,SPEED,CONDITIONAL,TECH_PHASE,RF_V40_21,3,20162,7952,423,2024-11-22,2025-01-03,2025-12-26,0.35700635302837636,0.39157032670437625,0.1525750756263733,1.4900996685028076,2.20738209324222,1.5702329515324325,5.103273558959557
BUY,5,SPEED,CONDITIONAL,TECH_PHASE,RF_V40_21,4,27987,4035,423,2025-11-21,2026-01-02,2026-07-03,0.3025638566340939,0.37883922449532126,0.11863505840301514,1.8988850116729736,2.962704576599416,2.031315557569406,6.51944723226034
BUY,5,SPEED,CONDITIONAL,TECH_PHASE_STRENGTH,RF_V40_21,1,6523,5708,428,2023-02-24,2023-04-07,2023-12-29,0.26763561668616087,0.32819188309581815,0.10672897100448608,1.3624532222747803,2.101113310389738,1.3963060015738686,2.4244527532597195
BUY,5,SPEED,CONDITIONAL,TECH_PHASE_STRENGTH,RF_V40_21,2,12194,7841,428,2023-11-24,2024-01-05,2024-12-27,0.22381845867906364,0.2849335936711353,0.07556992769241333,1.3897075653076172,2.1027230954279603,1.3712375434105135,-1.3469600497639103
BUY,5,SPEED,CONDITIONAL,TECH_PHASE_STRENGTH,RF_V40_21,3,20162,7952,428,2024-11-22,2025-01-03,2025-12-26,0.353167787839755,0.3902949587958056,0.15162742137908936,1.4923127889633179,2.2086158667672464,1.5702329515324325,4.9623313848477215
BUY,5,SPEED,CONDITIONAL,TECH_PHASE_STRENGTH,RF_V40_21,4,27987,4035,428,2025-11-21,2026-01-02,2026-07-03,0.3059035322896186,0.38520474522928283,0.12236422300338745,1.8957918882369995,2.956430190161661,2.031315557569406,6.671719163839264
BUY,5,SPEED,CONDITIONAL,TECH_PHASE_REVERSAL,RF_V40_21,1,6523,5708,426,2023-02-24,2023-04-07,2023-12-29,0.261032555936839,0.32029830376583746,0.10164892673492432,1.3662378787994385,2.1070792809748466,1.3963060015738686,2.153404965712272
BUY,5,SPEED,CONDITIONAL,TECH_PHASE_REVERSAL,RF_V40_21,2,12194,7841,426,2023-11-24,2024-01-05,2024-12-27,0.22537036122400347,0.2839083942946235,0.07496875524520874,1.3879843950271606,2.103406812993451,1.3712375434105135,-1.2212947127304221
BUY,5,SPEED,CONDITIONAL,TECH_PHASE_REVERSAL,RF_V40_21,3,20162,7952,426,2024-11-22,2025-01-03,2025-12-26,0.35546489443517165,0.3918342541360803,0.15280312299728394,1.491310954093933,2.207085046703309,1.5702329515324325,5.026133056339015
BUY,5,SPEED,CONDITIONAL,TECH_PHASE_REVERSAL,RF_V40_21,4,27987,4035,426,2025-11-21,2026-01-02,2026-07-03,0.3012437507392944,0.3827521028761713,0.12143808603286743,1.900230050086975,2.9579895966032876,2.031315557569406,6.453232093554324
BUY,5,SPEED,CONDITIONAL,ALL,RF_V40_21,1,6523,5708,431,2023-02-24,2023-04-07,2023-12-29,0.26354634961934065,0.3215562325746265,0.1022113561630249,1.3680684566497803,2.106419619287266,1.3963060015738686,2.022303484498381
BUY,5,SPEED,CONDITIONAL,ALL,RF_V40_21,2,12194,7841,431,2023-11-24,2024-01-05,2024-12-27,0.2267246943920892,0.28571789987814655,0.07614219188690186,1.388427495956421,2.102072161168131,1.3712375434105135,-1.2536086565390334
BUY,5,SPEED,CONDITIONAL,ALL,RF_V40_21,3,20162,7952,431,2024-11-22,2025-01-03,2025-12-26,0.35904335200529114,0.3940999022444971,0.1545659303665161,1.4894481897354126,2.2047875806774275,1.5702329515324325,5.1447628658015265
BUY,5,SPEED,CONDITIONAL,ALL,RF_V40_21,4,27987,4035,431,2025-11-21,2026-01-02,2026-07-03,0.3032961636779985,0.38329339047508976,0.12091648578643799,1.8988138437271118,2.958867539721024,2.031315557569406,6.522950771904716
BUY,5,SPEED,COMPLETE,TECH_PHASE,RF_V40_21,1,8673,7133,423,2023-02-24,2023-04-07,2023-12-29,0.1395262415327432,0.22641887735794672,0.045608341693878174,1.4239569902420044,2.131387646836311,1.3860936711432177,-2.73165658909314
BUY,5,SPEED,COMPLETE,TECH_PHASE,RF_V40_21,2,15786,9723,423,2023-11-24,2024-01-05,2024-12-27,0.15129872416966275,0.22458147628023026,0.04062741994857788,1.4261322021484375,2.1131351441594286,1.389711028291602,-2.620773176248637
BUY,5,SPEED,COMPLETE,TECH_PHASE,RF_V40_21,3,25509,9789,423,2024-11-22,2025-01-03,2025-12-26,0.23534995279016252,0.31665453663494064,0.09932225942611694,1.5704591274261475,2.269552995639959,1.6086979828270593,2.377006486557066
BUY,5,SPEED,COMPLETE,TECH_PHASE,RF_V40_21,4,35270,5158,423,2025-11-21,2026-01-02,2026-07-03,0.16462725800682107,0.2907011753341152,0.07388043403625488,1.9882584810256958,2.969649810953275,2.008524999358549,1.0090249481248867
BUY,5,SPEED,COMPLETE,TECH_PHASE_STRENGTH,RF_V40_21,1,8673,7133,428,2023-02-24,2023-04-07,2023-12-29,0.13844571897219962,0.22628356942342012,0.04572176933288574,1.423214077949524,2.1312609048603557,1.3860936711432177,-2.6780590359156746
BUY,5,SPEED,COMPLETE,TECH_PHASE_STRENGTH,RF_V40_21,2,15786,9723,428,2023-11-24,2024-01-05,2024-12-27,0.15104566590511587,0.2300624917762663,0.04405486583709717,1.4245699644088745,2.109357028460769,1.389711028291602,-2.5083586017249333
BUY,5,SPEED,COMPLETE,TECH_PHASE_STRENGTH,RF_V40_21,3,25509,9789,428,2024-11-22,2025-01-03,2025-12-26,0.2351300837456098,0.31325297037100974,0.09716808795928955,1.5719166994094849,2.272265469710273,1.6086979828270593,2.286400791833938
BUY,5,SPEED,COMPLETE,TECH_PHASE_STRENGTH,RF_V40_21,4,35270,5158,428,2025-11-21,2026-01-02,2026-07-03,0.16395771763572042,0.2944899875211018,0.07602238655090332,1.98536217212677,2.9662137089376825,2.008524999358549,1.1532257372537629
BUY,5,SPEED,COMPLETE,TECH_PHASE_REVERSAL,RF_V40_21,1,8673,7133,426,2023-02-24,2023-04-07,2023-12-29,0.13712807509805286,0.22488863816059185,0.0447620153427124,1.4229412078857422,2.1323324368866423,1.3860936711432177,-2.658372771598727
BUY,5,SPEED,COMPLETE,TECH_PHASE_REVERSAL,RF_V40_21,2,15786,9723,426,2023-11-24,2024-01-05,2024-12-27,0.15139869085531527,0.22780726897985193,0.0426030158996582,1.4255062341690063,2.1109582681149575,1.389711028291602,-2.57573014451846
BUY,5,SPEED,COMPLETE,TECH_PHASE_REVERSAL,RF_V40_21,3,25509,9789,426,2024-11-22,2025-01-03,2025-12-26,0.23444050609180708,0.3160147965877823,0.09908527135848999,1.572046160697937,2.2698515306561187,1.6086979828270593,2.278353209886664
BUY,5,SPEED,COMPLETE,TECH_PHASE_REVERSAL,RF_V40_21,4,35270,5158,426,2025-11-21,2026-01-02,2026-07-03,0.16309797043863605,0.28964773835260277,0.07378548383712769,1.9904403686523438,2.9698020275679617,2.008524999358549,0.900393607845589
BUY,5,SPEED,COMPLETE,ALL,RF_V40_21,1,8673,7133,431,2023-02-24,2023-04-07,2023-12-29,0.14078210749299178,0.22679429576073998,0.0461270809173584,1.4225343465805054,2.1308082413591545,1.3860936711432177,-2.629019682864021
BUY,5,SPEED,COMPLETE,ALL,RF_V40_21,2,15786,9723,431,2023-11-24,2024-01-05,2024-12-27,0.1482476837807237,0.22610923310160438,0.04159599542617798,1.427626371383667,2.1120680960023233,1.389711028291602,-2.7282897178037757
BUY,5,SPEED,COMPLETE,ALL,RF_V40_21,3,25509,9789,431,2024-11-22,2025-01-03,2025-12-26,0.23744779172541933,0.31491814236503674,0.09827351570129395,1.57295560836792,2.270873941414228,1.6086979828270593,2.2218200582515335
BUY,5,SPEED,COMPLETE,ALL,RF_V40_21,4,35270,5158,431,2025-11-21,2026-01-02,2026-07-03,0.16618453203617936,0.2965301721681614,0.07743775844573975,1.9860355854034424,2.9639408712010558,2.008524999358549,1.1196979854514488
BUY,8,SPEED,CONDITIONAL,TECH_PHASE,RF_V40_21,1,6616,6080,423,2023-02-03,2023-04-07,2023-12-29,0.2820132187037742,0.3471732580148372,0.11985570192337036,1.1832388639450073,1.8744611601632863,1.2256142808059132,3.4574839347532347
BUY,8,SPEED,CONDITIONAL,TECH_PHASE,RF_V40_21,2,12597,8325,423,2023-11-03,2024-01-05,2024-12-27,0.2205375165842045,0.2872447448151903,0.0764542818069458,1.2274247407913208,1.9187636583072,1.20957666616073,-1.4755637348099464
BUY,8,SPEED,CONDITIONAL,TECH_PHASE,RF_V40_21,3,21015,8426,423,2024-11-01,2025-01-03,2025-12-26,0.3535505432311419,0.39616256800144894,0.15653538703918457,1.2996577024459839,1.9595980381912406,1.3674047939112282,4.954428400932051
BUY,8,SPEED,CONDITIONAL,TECH_PHASE,RF_V40_21,4,29349,4313,423,2025-10-31,2026-01-02,2026-07-03,0.3130127248064506,0.39304345860344797,0.12369608879089355,1.7060891389846802,2.7239311221765163,1.8378260335603194,7.1680829507258945
BUY,8,SPEED,CONDITIONAL,TECH_PHASE_STRENGTH,RF_V40_21,1,6616,6080,428,2023-02-03,2023-04-07,2023-12-29,0.2837230665641144,0.3498931449380759,0.12176012992858887,1.1823391914367676,1.8724320947127302,1.2256142808059132,3.530889778853563
BUY,8,SPEED,CONDITIONAL,TECH_PHASE_STRENGTH,RF_V40_21,2,12597,8325,428,2023-11-03,2024-01-05,2024-12-27,0.22264041893112016,0.2877835733080698,0.07718920707702637,1.2268247604370117,1.918000075323364,1.20957666616073,-1.4259612274952629
BUY,8,SPEED,CONDITIONAL,TECH_PHASE_STRENGTH,RF_V40_21,3,21015,8426,428,2024-11-01,2025-01-03,2025-12-26,0.3517199844971948,0.39495798742438243,0.15567868947982788,1.3029773235321045,1.9605929615344644,1.3674047939112282,4.711660414385404
BUY,8,SPEED,CONDITIONAL,TECH_PHASE_STRENGTH,RF_V40_21,4,29349,4313,428,2025-10-31,2026-01-02,2026-07-03,0.315331308520185,0.39405380201395274,0.12339800596237183,1.7045012712478638,2.724394452768788,1.8378260335603194,7.254482191340649
BUY,8,SPEED,CONDITIONAL,TECH_PHASE_REVERSAL,RF_V40_21,1,6616,6080,426,2023-02-03,2023-04-07,2023-12-29,0.27763171002301734,0.3464699932896434,0.11942362785339355,1.1842783689498901,1.8749211612656982,1.2256142808059132,3.372668914141752
BUY,8,SPEED,CONDITIONAL,TECH_PHASE_REVERSAL,RF_V40_21,2,12597,8325,426,2023-11-03,2024-01-05,2024-12-27,0.22583820740630153,0.2887092089009345,0.0776718258857727,1.2266967296600342,1.9174984978939773,1.20957666616073,-1.4153764683345296
BUY,8,SPEED,CONDITIONAL,TECH_PHASE_REVERSAL,RF_V40_21,3,21015,8426,426,2024-11-01,2025-01-03,2025-12-26,0.35097119328742227,0.3938981976851635,0.15494787693023682,1.3037629127502441,1.9614412792866993,1.3674047939112282,4.654209305420618
BUY,8,SPEED,CONDITIONAL,TECH_PHASE_REVERSAL,RF_V40_21,4,29349,4313,426,2025-10-31,2026-01-02,2026-07-03,0.31223478433567586,0.38914727804558746,0.12100964784622192,1.7100582122802734,2.728103246088678,1.8378260335603194,6.952117281336381
BUY,8,SPEED,CONDITIONAL,ALL,RF_V40_21,1,6616,6080,431,2023-02-03,2023-04-07,2023-12-29,0.2829605638338581,0.35042362938937666,0.12214607000350952,1.1824350357055664,1.8720206431693398,1.2256142808059132,3.5230696783292927
BUY,8,SPEED,CONDITIONAL,ALL,RF_V40_21,2,12597,8325,431,2023-11-03,2024-01-05,2024-12-27,0.22541409089220335,0.29005179211718557,0.0787729024887085,1.227247714996338,1.9163535594889114,1.20957666616073,-1.4609283834564188
BUY,8,SPEED,CONDITIONAL,ALL,RF_V40_21,3,21015,8426,431,2024-11-01,2025-01-03,2025-12-26,0.35233352470729423,0.39479294123227116,0.15564966201782227,1.3038711547851562,1.9606267067266738,1.3674047939112282,4.646293431833361
BUY,8,SPEED,CONDITIONAL,ALL,RF_V40_21,4,29349,4313,431,2025-10-31,2026-01-02,2026-07-03,0.31557132979500035,0.3915563296900515,0.12241923809051514,1.7073637247085571,2.725914908292215,1.8378260335603194,7.0987300467729675
BUY,8,SPEED,COMPLETE,TECH_PHASE,RF_V40_21,1,8124,7133,423,2023-02-03,2023-04-07,2023-12-29,0.19218637304213415,0.28249397597032433,0.07811874151229858,1.2303446531295776,1.8967520684969699,1.2224890808757483,-0.6425883369201075
BUY,8,SPEED,COMPLETE,TECH_PHASE,RF_V40_21,2,15226,9723,423,2023-11-03,2024-01-05,2024-12-27,0.17176624067245344,0.24921034755649044,0.052774786949157715,1.2554423809051514,1.928088742105371,1.2344108098909494,-1.7037740471553324
BUY,8,SPEED,COMPLETE,TECH_PHASE,RF_V40_21,3,24942,9789,423,2024-11-01,2025-01-03,2025-12-26,0.260701741860097,0.33132430728403545,0.10892724990844727,1.3619248867034912,2.016258081182283,1.4029784224683772,2.9261701468406836
BUY,8,SPEED,COMPLETE,TECH_PHASE,RF_V40_21,4,34701,5158,423,2025-10-31,2026-01-02,2026-07-03,0.198963074512501,0.31501230946994874,0.08212906122207642,1.7782411575317383,2.7452145467271327,1.8280499304674376,2.7246943371488244
BUY,8,SPEED,COMPLETE,TECH_PHASE_STRENGTH,RF_V40_21,1,8124,7133,428,2023-02-03,2023-04-07,2023-12-29,0.20222147460923007,0.28694530082591385,0.0808408260345459,1.2277870178222656,1.8939496278197332,1.2224890808757483,-0.43337294617978195
BUY,8,SPEED,COMPLETE,TECH_PHASE_STRENGTH,RF_V40_21,2,15226,9723,428,2023-11-03,2024-01-05,2024-12-27,0.17025637962437762,0.24452285617480285,0.048982203006744385,1.25813627243042,1.9319448511138617,1.2344108098909494,-1.922007029537149
BUY,8,SPEED,COMPLETE,TECH_PHASE_STRENGTH,RF_V40_21,3,24942,9789,428,2024-11-01,2025-01-03,2025-12-26,0.2593924132250488,0.3300533656351126,0.10806173086166382,1.363234519958496,2.01723693739798,1.4029784224683772,2.8328235041531404
BUY,8,SPEED,COMPLETE,TECH_PHASE_STRENGTH,RF_V40_21,4,34701,5158,428,2025-10-31,2026-01-02,2026-07-03,0.19684971936412,0.3102673483000827,0.07940518856048584,1.7801233530044556,2.7492848246624324,1.8280499304674376,2.6217324080818214
BUY,8,SPEED,COMPLETE,TECH_PHASE_REVERSAL,RF_V40_21,1,8124,7133,426,2023-02-03,2023-04-07,2023-12-29,0.19847189352234326,0.28678301271545287,0.08090555667877197,1.2264869213104248,1.8938829708942517,1.2224890808757483,-0.3270246333662657
BUY,8,SPEED,COMPLETE,TECH_PHASE_REVERSAL,RF_V40_21,2,15226,9723,426,2023-11-03,2024-01-05,2024-12-27,0.16832497513798922,0.24155726399877628,0.04757505655288696,1.2591053247451782,1.933373579340809,1.2344108098909494,-2.0005102560962156
BUY,8,SPEED,COMPLETE,TECH_PHASE_REVERSAL,RF_V40_21,3,24942,9789,426,2024-11-01,2025-01-03,2025-12-26,0.26148257480886855,0.3287331960263151,0.10743701457977295,1.3654171228408813,2.0179433575139125,1.4029784224683772,2.6772542632131966
BUY,8,SPEED,COMPLETE,TECH_PHASE_REVERSAL,RF_V40_21,4,34701,5158,426,2025-10-31,2026-01-02,2026-07-03,0.19838145031404675,0.3131727594610788,0.08130204677581787,1.7781211137771606,2.7464509951381015,1.8280499304674376,2.7312611027812568
BUY,8,SPEED,COMPLETE,ALL,RF_V40_21,1,8124,7133,431,2023-02-03,2023-04-07,2023-12-29,0.20133327690641703,0.28589528754786,0.08026403188705444,1.2277494668960571,1.8945437716040776,1.2224890808757483,-0.43030126833856996
BUY,8,SPEED,COMPLETE,ALL,RF_V40_21,2,15226,9723,431,2023-11-03,2024-01-05,2024-12-27,0.1700229093753551,0.24574292826740493,0.05005347728729248,1.257409691810608,1.9308563893005883,1.2344108098909494,-1.8631465096850746
BUY,8,SPEED,COMPLETE,ALL,RF_V40_21,3,24942,9789,431,2024-11-01,2025-01-03,2025-12-26,0.25965576835144955,0.3297887139231027,0.10808706283569336,1.3638606071472168,2.017208453246133,1.4029784224683772,2.788197929112637
BUY,8,SPEED,COMPLETE,ALL,RF_V40_21,4,34701,5158,431,2025-10-31,2026-01-02,2026-07-03,0.19969225331702103,0.31454091944681967,0.08193737268447876,1.7771332263946533,2.7455011327960377,1.8280499304674376,2.785301606054311
SELL,5,SPEED,CONDITIONAL,TECH_PHASE,RF_V40_21,1,6560,5130,423,2023-02-24,2023-04-07,2023-12-29,0.11634534651675227,0.1683401372362936,-0.008263349533081055,1.262129783630371,1.74920418219146,1.2592580752698233,-0.22804764304827002
SELL,5,SPEED,CONDITIONAL,TECH_PHASE,RF_V40_21,2,11588,6909,423,2023-11-24,2024-01-05,2024-12-27,0.21639893371513605,0.24434600768400075,0.05854684114456177,1.3708853721618652,2.077206171880699,1.352805479990963,-1.3364739009649045
SELL,5,SPEED,CONDITIONAL,TECH_PHASE,RF_V40_21,3,18409,6752,423,2024-11-22,2025-01-03,2025-12-26,0.2339392839945006,0.23687643298595643,0.051271677017211914,1.682474136352539,2.5598087599967987,1.6666271268627089,-0.9508431270803155
SELL,5,SPEED,CONDITIONAL,TECH_PHASE,RF_V40_21,4,25245,3725,423,2025-11-21,2026-01-02,2026-07-03,0.2658331570615824,0.29861868388192375,0.08532094955444336,1.609545111656189,2.289246431323556,1.6514687835766102,2.5385688386810754
SELL,5,SPEED,CONDITIONAL,TECH_PHASE_STRENGTH,RF_V40_21,1,6560,5130,428,2023-02-24,2023-04-07,2023-12-29,0.11342053574367018,0.1689157912412656,-0.006147265434265137,1.2589479684829712,1.747367718428251,1.2592580752698233,0.024626150345362134
SELL,5,SPEED,CONDITIONAL,TECH_PHASE_STRENGTH,RF_V40_21,2,11588,6909,428,2023-11-24,2024-01-05,2024-12-27,0.2212903135744657,0.24542243525070476,0.05897378921508789,1.3683427572250366,2.0767350675524314,1.352805479990963,-1.1485226415683505
SELL,5,SPEED,CONDITIONAL,TECH_PHASE_STRENGTH,RF_V40_21,3,18409,6752,428,2024-11-22,2025-01-03,2025-12-26,0.23352248288069302,0.23611960717384772,0.0508350133895874,1.6829442977905273,2.5603977977615084,1.6666271268627089,-0.9790534826187689
SELL,5,SPEED,CONDITIONAL,TECH_PHASE_STRENGTH,RF_V40_21,4,25245,3725,428,2025-11-21,2026-01-02,2026-07-03,0.2635235703669581,0.29441632741762713,0.08234071731567383,1.6105531454086304,2.2929728051430818,1.6514687835766102,2.4775302188496857
SELL,5,SPEED,CONDITIONAL,TECH_PHASE_REVERSAL,RF_V40_21,1,6560,5130,426,2023-02-24,2023-04-07,2023-12-29,0.1110879352462761,0.16575657425541465,-0.01059567928314209,1.2641501426696777,1.7512262680112074,1.2592580752698233,-0.3884880705494981
SELL,5,SPEED,CONDITIONAL,TECH_PHASE_REVERSAL,RF_V40_21,2,11588,6909,426,2023-11-24,2024-01-05,2024-12-27,0.2192386438280064,0.2462059175887107,0.05921262502670288,1.370740532875061,2.0764714596369407,1.352805479990963,-1.3257673146192335
SELL,5,SPEED,CONDITIONAL,TECH_PHASE_REVERSAL,RF_V40_21,3,18409,6752,426,2024-11-22,2025-01-03,2025-12-26,0.234706976285696,0.23536562099976455,0.050743818283081055,1.6839706897735596,2.560520803404645,1.6666271268627089,-1.0406384626355245
SELL,5,SPEED,CONDITIONAL,TECH_PHASE_REVERSAL,RF_V40_21,4,25245,3725,426,2025-11-21,2026-01-02,2026-07-03,0.2641194504359679,0.29887543982595643,0.08581274747848511,1.6091793775558472,2.28863094284767,1.6514687835766102,2.5607148279954917
SELL,5,SPEED,CONDITIONAL,ALL,RF_V40_21,1,6560,5130,431,2023-02-24,2023-04-07,2023-12-29,0.11507411109232975,0.16993644941844485,-0.006015777587890625,1.259582281112671,1.7472535107143827,1.2592580752698233,-0.025745782315366828
SELL,5,SPEED,CONDITIONAL,ALL,RF_V40_21,2,11588,6909,431,2023-11-24,2024-01-05,2024-12-27,0.2184621390647885,0.24304418394056734,0.05764925479888916,1.3701382875442505,2.0781961299798164,1.352805479990963,-1.2812490642337777
SELL,5,SPEED,CONDITIONAL,ALL,RF_V40_21,3,18409,6752,431,2024-11-22,2025-01-03,2025-12-26,0.23173420135429929,0.2342971086877973,0.0502505898475647,1.68559992313385,2.5611859185397243,1.6666271268627089,-1.1383947834124117
SELL,5,SPEED,CONDITIONAL,ALL,RF_V40_21,4,25245,3725,431,2025-11-21,2026-01-02,2026-07-03,0.2681572139776538,0.2992338328183147,0.08606040477752686,1.6067248582839966,2.2883208964603288,1.6514687835766102,2.7093412686681875
SELL,5,SPEED,COMPLETE,TECH_PHASE,RF_V40_21,1,8673,7133,423,2023-02-24,2023-04-07,2023-12-29,-0.03204611710133102,0.034158626721013816,-0.09551811218261719,1.3471815586090088,1.7972235963447005,1.245361990080342,-8.175901411773296
SELL,5,SPEED,COMPLETE,TECH_PHASE,RF_V40_21,2,15786,9723,423,2023-11-24,2024-01-05,2024-12-27,0.10415755551579488,0.1696592203795989,0.02245420217514038,1.4016121625900269,2.02787147665479,1.3267138304432526,-5.6454022282824035
SELL,5,SPEED,COMPLETE,TECH_PHASE,RF_V40_21,3,25509,9789,423,2024-11-22,2025-01-03,2025-12-26,0.08501197908689434,0.13769564901050516,0.0064261555671691895,1.68406343460083,2.4688514978332075,1.566085584864225,-7.533295170891533
SELL,5,SPEED,COMPLETE,TECH_PHASE,RF_V40_21,4,35270,5158,423,2025-11-21,2026-01-02,2026-07-03,0.17794007673068377,0.2328688265837558,0.050380051136016846,1.6733506917953491,2.306984380807242,1.6546621568073387,-1.1294471751302875
SELL,5,SPEED,COMPLETE,TECH_PHASE_STRENGTH,RF_V40_21,1,8673,7133,428,2023-02-24,2023-04-07,2023-12-29,-0.03162731975732213,0.03191236401093184,-0.09476864337921143,1.3453549146652222,1.7966087475761285,1.245361990080342,-8.029225669432003
SELL,5,SPEED,COMPLETE,TECH_PHASE_STRENGTH,RF_V40_21,2,15786,9723,428,2023-11-24,2024-01-05,2024-12-27,0.10263709382072742,0.16989022714828036,0.023015379905700684,1.4010261297225952,2.02728929979414,1.3267138304432526,-5.601230466898425
SELL,5,SPEED,COMPLETE,TECH_PHASE_STRENGTH,RF_V40_21,3,25509,9789,428,2024-11-22,2025-01-03,2025-12-26,0.08356769682051304,0.1339125529724288,0.00476527214050293,1.685411810874939,2.4709140612155247,1.566085584864225,-7.619393675797048
SELL,5,SPEED,COMPLETE,TECH_PHASE_STRENGTH,RF_V40_21,4,35270,5158,428,2025-11-21,2026-01-02,2026-07-03,0.1738793444053601,0.22703731012571024,0.047222673892974854,1.6750205755233765,2.3108164871029135,1.6546621568073387,-1.230367095318066
SELL,5,SPEED,COMPLETE,TECH_PHASE_REVERSAL,RF_V40_21,1,8673,7133,426,2023-02-24,2023-04-07,2023-12-29,-0.03397584561974326,0.032421377823193674,-0.09559047222137451,1.3472682237625122,1.797282960439584,1.245361990080342,-8.182860444905327
SELL,5,SPEED,COMPLETE,TECH_PHASE_REVERSAL,RF_V40_21,2,15786,9723,426,2023-11-24,2024-01-05,2024-12-27,0.10202550507156599,0.16900034850056475,0.021943509578704834,1.4027899503707886,2.0284011817352456,1.3267138304432526,-5.734177045709928
SELL,5,SPEED,COMPLETE,TECH_PHASE_REVERSAL,RF_V40_21,3,25509,9789,426,2024-11-22,2025-01-03,2025-12-26,0.08577507395100793,0.13467919346367585,0.004857242107391357,1.6860730648040771,2.470799910869847,1.566085584864225,-7.661617034183653
SELL,5,SPEED,COMPLETE,TECH_PHASE_REVERSAL,RF_V40_21,4,35270,5158,426,2025-11-21,2026-01-02,2026-07-03,0.1736552506313992,0.22873092124192,0.048063039779663086,1.6750879287719727,2.309797099231428,1.6546621568073387,-1.2344376089464282
SELL,5,SPEED,COMPLETE,ALL,RF_V40_21,1,8673,7133,431,2023-02-24,2023-04-07,2023-12-29,-0.03211128027014891,0.03777203795322654,-0.08934974670410156,1.3427817821502686,1.7921568251814102,1.245361990080342,-7.822608434005732
SELL,5,SPEED,COMPLETE,ALL,RF_V40_21,2,15786,9723,431,2023-11-24,2024-01-05,2024-12-27,0.10721687271474738,0.17065832307252482,0.022520482540130615,1.4033316373825073,2.0278026965394167,1.3267138304432526,-5.775006273482264
SELL,5,SPEED,COMPLETE,ALL,RF_V40_21,3,25509,9789,431,2024-11-22,2025-01-03,2025-12-26,0.08250156994547436,0.13321454106155686,0.004314899444580078,1.6891087293624878,2.471473157702585,1.566085584864225,-7.855454752105935
SELL,5,SPEED,COMPLETE,ALL,RF_V40_21,4,35270,5158,431,2025-11-21,2026-01-02,2026-07-03,0.17219364154179587,0.22775099680258648,0.0474398136138916,1.6768587827682495,2.3105531694031445,1.6546621568073387,-1.3414596973522999
SELL,8,SPEED,CONDITIONAL,TECH_PHASE,RF_V40_21,1,6499,5452,423,2023-02-03,2023-04-07,2023-12-29,0.09368178660239818,0.14696207111989246,-0.006295680999755859,1.1236404180526733,1.6107362342114808,1.1301823067723966,0.5788348198801456
SELL,8,SPEED,CONDITIONAL,TECH_PHASE,RF_V40_21,2,12088,7421,423,2023-11-03,2024-01-05,2024-12-27,0.20785737472478116,0.2234116135988497,0.04586184024810791,1.2111185789108276,1.8671523853016776,1.170297803768517,-3.488067311658813
SELL,8,SPEED,CONDITIONAL,TECH_PHASE,RF_V40_21,3,19272,7292,423,2024-11-01,2025-01-03,2025-12-26,0.22295583380056033,0.22096299985004694,0.04028671979904175,1.5228394269943237,2.3971070815108555,1.5161366131290084,-0.4420982784316551
SELL,8,SPEED,CONDITIONAL,TECH_PHASE,RF_V40_21,4,26656,3973,423,2025-10-31,2026-01-02,2026-07-03,0.25057211384731426,0.26602467721400114,0.06291866302490234,1.3994909524917603,2.0096999028825167,1.4217406364162544,1.564960820180137
SELL,8,SPEED,CONDITIONAL,TECH_PHASE_STRENGTH,RF_V40_21,1,6499,5452,428,2023-02-03,2023-04-07,2023-12-29,0.0905618641986636,0.145307278497798,-0.006876945495605469,1.1237422227859497,1.6112013148490898,1.1301823067723966,0.5698270047102989
SELL,8,SPEED,CONDITIONAL,TECH_PHASE_STRENGTH,RF_V40_21,2,12088,7421,428,2023-11-03,2024-01-05,2024-12-27,0.20432358145230195,0.22506634472563092,0.047112464904785156,1.2102872133255005,1.8659283849787116,1.170297803768517,-3.417028505754022
SELL,8,SPEED,CONDITIONAL,TECH_PHASE_STRENGTH,RF_V40_21,3,19272,7292,428,2024-11-01,2025-01-03,2025-12-26,0.22867005814386876,0.22627311999388575,0.04333001375198364,1.5206098556518555,2.3933032622436126,1.5161366131290084,-0.2950421805074144
SELL,8,SPEED,CONDITIONAL,TECH_PHASE_STRENGTH,RF_V40_21,4,26656,3973,428,2025-10-31,2026-01-02,2026-07-03,0.24962621788883446,0.2670298086892382,0.06385821104049683,1.4008184671401978,2.008692092298214,1.4217406364162544,1.4715883291339686
SELL,8,SPEED,CONDITIONAL,TECH_PHASE_REVERSAL,RF_V40_21,1,6499,5452,426,2023-02-03,2023-04-07,2023-12-29,0.09380996298987183,0.14651683987738348,-0.004930377006530762,1.12087881565094,1.6096431175516352,1.1301823067723966,0.8231849911034107
SELL,8,SPEED,CONDITIONAL,TECH_PHASE_REVERSAL,RF_V40_21,2,12088,7421,426,2023-11-03,2024-01-05,2024-12-27,0.20695346226165184,0.22447255787824336,0.0467909574508667,1.2092878818511963,1.8662430677138273,1.170297803768517,-3.3316372941251338
SELL,8,SPEED,CONDITIONAL,TECH_PHASE_REVERSAL,RF_V40_21,3,19272,7292,426,2024-11-01,2025-01-03,2025-12-26,0.22667263798513027,0.22514254297520273,0.043167293071746826,1.5224974155426025,2.393506874904955,1.5161366131290084,-0.4195401890906592
SELL,8,SPEED,CONDITIONAL,TECH_PHASE_REVERSAL,RF_V40_21,4,26656,3973,426,2025-10-31,2026-01-02,2026-07-03,0.25149093390109467,0.26955154220950084,0.06594181060791016,1.3999332189559937,2.0064554935161003,1.4217406364162544,1.5338534259828234
SELL,8,SPEED,CONDITIONAL,ALL,RF_V40_21,1,6499,5452,431,2023-02-03,2023-04-07,2023-12-29,0.09239725995730047,0.14836430081384402,-0.007139801979064941,1.1261775493621826,1.6114116485218237,1.1301823067723966,0.3543461427608868
SELL,8,SPEED,CONDITIONAL,ALL,RF_V40_21,2,12088,7421,431,2023-11-03,2024-01-05,2024-12-27,0.20655843409881905,0.2232408104434226,0.04627019166946411,1.2109260559082031,1.8667527973649127,1.170297803768517,-3.471616541435665
SELL,8,SPEED,CONDITIONAL,ALL,RF_V40_21,3,19272,7292,431,2024-11-01,2025-01-03,2025-12-26,0.2249923751353551,0.22062419095734886,0.040894925594329834,1.5258991718292236,2.3963473777506246,1.5161366131290084,-0.6439102265373862
SELL,8,SPEED,CONDITIONAL,ALL,RF_V40_21,4,26656,3973,431,2025-10-31,2026-01-02,2026-07-03,0.2516656148029391,0.26903154799185874,0.06539112329483032,1.3992719650268555,2.0070468021442136,1.4217406364162544,1.5803635919161112
SELL,8,SPEED,COMPLETE,TECH_PHASE,RF_V40_21,1,8124,7133,423,2023-02-03,2023-04-07,2023-12-29,-0.024316891535431404,0.03148461883805102,-0.07805216312408447,1.1913056373596191,1.6458460972286988,1.133304304817043,-5.117895722803211
SELL,8,SPEED,COMPLETE,TECH_PHASE,RF_V40_21,2,15226,9723,423,2023-11-03,2024-01-05,2024-12-27,0.12195687069693444,0.17632997690360325,0.01991337537765503,1.2403590679168701,1.8304767968281368,1.1710978551478326,-5.914212246618314
SELL,8,SPEED,COMPLETE,TECH_PHASE,RF_V40_21,3,24942,9789,423,2024-11-01,2025-01-03,2025-12-26,0.08600744242080303,0.13263606950958004,0.0053882598876953125,1.5427874326705933,2.3311531803592556,1.4572328903849285,-5.871027400641875
SELL,8,SPEED,COMPLETE,TECH_PHASE,RF_V40_21,4,34701,5158,423,2025-10-31,2026-01-02,2026-07-03,0.17547582699498676,0.21815391148386407,0.04204249382019043,1.4607354402542114,2.030808386113973,1.4463423563001745,-0.9951367248108017
SELL,8,SPEED,COMPLETE,TECH_PHASE_STRENGTH,RF_V40_21,1,8124,7133,428,2023-02-03,2023-04-07,2023-12-29,-0.027487218256768968,0.026541267399583988,-0.07873237133026123,1.1929267644882202,1.6463652688745953,1.133304304817043,-5.260940015647646
SELL,8,SPEED,COMPLETE,TECH_PHASE_STRENGTH,RF_V40_21,2,15226,9723,428,2023-11-03,2024-01-05,2024-12-27,0.11453362285769778,0.17177279411961763,0.01785874366760254,1.241836667060852,1.8323944968002077,1.1710978551478326,-6.040384379671654
SELL,8,SPEED,COMPLETE,TECH_PHASE_STRENGTH,RF_V40_21,3,24942,9789,428,2024-11-01,2025-01-03,2025-12-26,0.08955281674077868,0.13779019679366059,0.008138477802276611,1.5388442277908325,2.327927958707618,1.4572328903849285,-5.600432020467664
SELL,8,SPEED,COMPLETE,TECH_PHASE_STRENGTH,RF_V40_21,4,34701,5158,428,2025-10-31,2026-01-02,2026-07-03,0.18154866724210703,0.22383249392445148,0.045789361000061035,1.4550269842147827,2.0268329425204206,1.4463423563001745,-0.6004545104261478
SELL,8,SPEED,COMPLETE,TECH_PHASE_REVERSAL,RF_V40_21,1,8124,7133,426,2023-02-03,2023-04-07,2023-12-29,-0.02342179404108454,0.03104185785612255,-0.08045375347137451,1.1954878568649292,1.6476782908080085,1.133304304817043,-5.48692454300038
SELL,8,SPEED,COMPLETE,TECH_PHASE_REVERSAL,RF_V40_21,2,15226,9723,426,2023-11-03,2024-01-05,2024-12-27,0.12318296775584561,0.17717088260532876,0.020210683345794678,1.2412590980529785,1.830199149088286,1.1710978551478326,-5.991065784702438
SELL,8,SPEED,COMPLETE,TECH_PHASE_REVERSAL,RF_V40_21,3,24942,9789,426,2024-11-01,2025-01-03,2025-12-26,0.08681264935506429,0.13489042737515902,0.006779074668884277,1.5425547361373901,2.3295226542166936,1.4572328903849285,-5.855059017362956
SELL,8,SPEED,COMPLETE,TECH_PHASE_REVERSAL,RF_V40_21,4,34701,5158,426,2025-10-31,2026-01-02,2026-07-03,0.180316661245515,0.22313862618120692,0.04536736011505127,1.4582109451293945,2.027281185059413,1.4463423563001745,-0.8205933247768917
SELL,8,SPEED,COMPLETE,ALL,RF_V40_21,1,8124,7133,431,2023-02-03,2023-04-07,2023-12-29,-0.023883756240397267,0.028588626085835747,-0.0822674036026001,1.196397304534912,1.6490606061394308,1.133304304817043,-5.567171981055398
SELL,8,SPEED,COMPLETE,ALL,RF_V40_21,2,15226,9723,431,2023-11-03,2024-01-05,2024-12-27,0.12346054488648983,0.17453561618604793,0.019126713275909424,1.2409430742263794,1.8312112563269323,1.1710978551478326,-5.964080522522171
SELL,8,SPEED,COMPLETE,ALL,RF_V40_21,3,24942,9789,431,2024-11-01,2025-01-03,2025-12-26,0.08880909383839862,0.13248089716377096,0.005752921104431152,1.5415139198303223,2.330725734146972,1.4572328903849285,-5.783634860391524
SELL,8,SPEED,COMPLETE,ALL,RF_V40_21,4,34701,5158,431,2025-10-31,2026-01-02,2026-07-03,0.18243056478177072,0.223162148559178,0.04571497440338135,1.4563592672348022,2.02691198907508,1.4463423563001745,-0.6925684566309445
